"Author","Year","source_values"
"Bever 1994","1994","Figure 3a"
"Holah and Alexander 1999","1999","Figure 1b | Figure 1d"
"Peltzer 2001","2001","Figure 2"
"Troelstra et al. 2001","2001","Author"
"Klironomos 2002","2002","Author"
"Van der Stoel et al. 2002","2002","Figure 2"
"Beckstead and Parker 2003","2003","Figure 2"
"Reinhart et al. 2003","2003","Figure 2b"
"Callaway et al. 2004b Nature","2004","Figure 1 | Figure 2"
"De Deyn et al. 2004a","2004","Author"
"Ehlers and Thompson 2004","2004","Figure 3b"
"Gustafson and Casper 2004","2004","Figure 1 | Figure 2 | Figure 3 | Figure 4 | Figure 5"
"Knevel et al. 2004","2004","Figure 2"
"Packer and Clay 2004","2004","Figure 2"
"Reinhart and Callaway 2004","2004","Figure 2"
"Suding et al. 2004","2004","Figure 2"
"Agrawal et al. 2005","2005","Author"
"Belnap et al. 2005","2005","Figure 2"
"Bonanomi and Mazzoleni 2005 CE","2005","Figure 2 | Figure 3"
"Bonanomi et al. 2005 PE","2005","Figure 5"
"Reinhart et al. 2005a Ecography","2005","Figure 5"
"Bezemer et al. 2006a Ecology","2006","Figure 4"
"Bezemer et al. 2006b JE","2006","Figure 1"
"Bodelier et al. 2006","2006","Figure 4a"
"Gillespie and Allen 2006","2006","Figure 2a"
"Kardol et al. 2006","2006","Figure 1"
"Kulmatiski et al. 2006","2006","Figure 1"
"Meiman et al. 2006","2006","Author"
"Morris et al. 2006","2006","Table 3, Text"
"Puerta-Pinero et al. 2006","2006","Table 2"
"Suguenza et al. 2006","2006","Figure 1a | Figure 1b"
"Blank and Sforza 2007","2007","Author"
"Casper and Castelli 2007","2007","Figure 1"
"Dickie et al. 2007","2007","Table 1"
"Kardol et al. 2007","2007","Author"
"Nijjer et al. 2007","2007","Figure 1b"
"Niu et al 2007","2007","Figure 4"
"Van der Putten et al. 2007","2007","Figure 1"
"VanGrunsven et al. 2007","2007","Author"
"van Grunsven et al. 2007","2007","Author"
"van der Putten et al. 2007","2007","Figure 1"
"Batten et al. 2008","2008","Figure 4"
"Casper,2008","2008","Figure 2"
"Jordan et al. 2008","2008","Figure 1 | Figure 2 | Figure 3"
"Kulmatiski, unpubl. Data","2008","Author"
"Manning,2008","2008","Xi et al. 2021"
"Petermann et al. 2008","2008","Authors"
"Markham,2009","2009","Xi et al. 2021"
"Fitzsimons et al. 2010","2010","Figure 1"
"Harrison,2010","2010","Xi et al. 2021"
"Jiang, 2010","2010","Xi et al. 2021"
"Kueffer 2010","2010","Figure 1"
"Mangan et al. 2010","2010","Crowford2019"
"de la Pena et al. 2010","2010","Figure 1a | Figure 2a | Figure 3a"
"van Grunsven,2010a","2010","Xi et al. 2021"
"Dostal,2011","2011","Figure 2 | Xi et al. 2021"
"Kulmatiski et al. 2011 JE","2011","Table 2"
"Kulmatiski et al. 2011 SBB","2011","Figure 4"
"Li et al. 2011 SAS","2011","Figure 1"
"Li et al. 2011 SASB","2011","Figure 4"
"Meijer et al. 2011","2011","Apendix A"
"Morrien et al. 2011","2011","Figure A1"
"Wagner et al. 2011","2011","Figure S1"
"Yelenik,2011","2011","Xi et al. 2021"
"van de Voorde,2011","2011","Xi et al. 2021"
"Gao 2012","2012","Figure 3.9"
"Perkins and Nowak,2012","2012","Figure 2"
"Reinhart 2012 Ecology","2012","Figure 1"
"Reinhart et al. 2012","2012","Figure 1"
"Schradin,2012","2012","Figure 1 | Figure 2 | Xi et al. 2021"
"Shannon et al. 2012","2012","Figure 3"
"Smith,2012","2012","Xi et al. 2021"
"Bajpai et al. 2013","2013","Figure 1A"
"Bakker,2013","2013","Xi et al. 2021"
"Callaway,2013","2013","Figure 2 | Figure 3 | Xi et al. 2021"
"Hawkes,2013","2013","Xi et al. 2021"
"Hendriks,2013","2013","Figure 3 | Xi et al. 2021"
"Li et al. 2013","2013","Figure 1 | Figure 2"
"Pendergast IV et al. 2013","2013","Figure S1 | Xi et al. 2021"
"Perkins and Nowak,2013","2013","Crowford2019"
"Rodríguez-Echeverría,2013,PE","2013","Xi et al. 2021"
"Gundale et al. 2014","2014","Figure 2"
"Maron et al. 2014","2014","Appendix S1"
"Mo 2014","2014","Figure 4-10"
"Pizano et al. 2014","2014","Figure A1"
"Porazinska,2014","2014","Xi et al. 2021"
"Schittko et al. 2014","2014","Figure 2"
"Xiao et al. 2014","2014","Figure 1"
"Hendriks,2015,NP","2015","Figure 4 | Figure S4"
"Kim et al. 2015","2015","Figure 3-3"
"Kos et al. 2015 JE","2015","Figure 2"
"Kos et al. 2015 Oikos","2015","Figure A2"
"Kuebbing et al. 2015","2015","Table A4"
"Lalibert_x0001_e et al. 2015","2015","Figure 5c"
"Larios et al. 2015","2015","Figure S1"
"Liang et al. 2015","2015","Figure 2"
"Maron et al. 2015","2015","Figure 1"
"Orozco-Aceves,2015a PS","2015","Figure 3"
"Sanderson,2015","2015","Xi et al. 2021"
"Smith, 2015 Ecology","2015","Xi et al. 2021"
"Wagg et al. 2015","2015","Appendix 3 | Figure 1"
"Bayandala et al. 2016","2016","Original data"
"Bergmann et al. 2016","2016","Authors"
"Cortois et al. 2016","2016","Table S3"
"Dostalek,2016","2016","Figure 1"
"Heinze,2016","2016","Xi et al. 2021"
"Hemrova,2016","2016","Table S2 | Table S3"
"Kuebbing et al. 2016","2016","Table 2"
"Kulmatiski et al. 2016","2016","Table S1"
"Liang et al. 2016","2016","Figure 1"
"Nagendra et al. 2016","2016","Figure S1"
"Pattison,2016","2016","Xi et al. 2021"
"Perkins,2016","2016","Xi et al. 2021"
"Rigg et al. 2016","2016","Original data"
"Rutten et al. 2016","2016","Author"
"Schittko et al. 2016","2016","Original data"
"Wubs, 2016","2016","Original data"
"Aguilera et al. 2017","2017","Figure 3"
"Bauer,2017","2017","Xi et al. 2021"
"Bennett et al. 2017","2017","Apendix"
"Crawford-Knight,2017","2017","Xi et al. 2021"
"Fitzpatrick,2017","2017","Original data"
"Gomez-Aparicio et al. 2017","2017","Figure 1"
"Kulmatiski et al. 2017","2017","Table S1"
"Orozco-Aceves,2017","2017","Xi et al. 2021"
"Semchenko et al. 2017","2017","Original data"
"Su et al. 2017","2017","Table 6-4"
"Teste et al. 2017","2017","Apendix"
"Vink et al. 2017","2017","Original data"
"Xin et al. 2017","2017","Figure 3-2"
"van Nuland,2017","2017","Apendix"
"Ai et al. 2018","2018","Figure 3.13 | Figure 3.3 | Figure 3.8"
"Bezemer,2018","2018","Original data"
"Chen et al. 2018","2018","Figure 3 | Figure 5"
"Dudenhoeffer et al. 2018","2018","Original data"
"Fry,2018","2018","Figure 2 | Figure 4"
"Heinen et al. 2018","2018","Original data"
"Heinze-Joshi,2018","2018","Xi et al. 2021"
"Kadowaki et al. 2018","2018","Apendix"
"Kembel et al. 2018","2018","Authors"
"Kutakova et al. 2018","2018","Original data"
"Le Roux et al. 2018","2018","Original data"
"Lepinay,2018","2018","Xi et al. 2021"
"McGinn et al. 2018","2018","Original data"
"Pfennigwerth et al. 2018","2018","Apendix"
"Png et al. 2018","2018","Apendix"
"Qu et al. 2018","2018","Figure 1"
"Rutten et al. 2018","2018","Apendix"
"Semchenko et al. 2018","2018","Original data"
"Stotz, 2018","2018","Xi et al. 2021"
"Wei 2018","2018","Table 5.1"
"Wubs,2018,FE","2018","Original data"
"Xi et al. 2018","2018","Figure 1"
"Xue,2018,PS","2018","Figure 2"
"Zhao,2018","2018","Xi et al. 2021"
"Chung,2019","2019","Original data"
"Dukes,2019","2019","Figure 2 | Figure 5"
"Forero et al. 2019","2019","Original data"
"Heinze,2019","2019","Author"
"Kulmatiski, 2019","2019","Table 2 | Table 3"
"Lozano.2019","2019","Figure 2 | Figure 3"
"Ma,2019","2019","Table S7"
"Synder,2019","2019","Figure 3 | Xi et al. 2021"
"Wang,2019","2019","Figure 2"
"Wilschut et al. 2019","2019","Figure 3"
"Xi et al. 2019","2019","Figure 1"
"Aldorfova,2020","2020","Original data"
"Heinze,2020","2020","Author"
"Jin et al. 2020","2020","Table 1"
"Kiniry et al. 2020","2020","Figure 2b"
"Lance et al. 2020","2020","Original data"
"Liang et al. 2020","2020","Original data"
"Lucero et al. 2020","2020","Figure 2"
"Oschrin et al. 2020","2020","Figure 2 | Figure 3 | Figure 4"
"Peacher et al. 2020","2020","Original data"
"Segnitz et al. 2020","2020","Authors"
"Singh et al. 2020","2020","Figure 3"
"Stein et al. 2020","2020","Figure S2b | Figure S3b"
"Wang YK et al. 2020","2020","Figure 3-10 | Figure 3-11 | Figure 3-12 | Figure 3-5 | Figure 3-6 | Figure 3-7 | Figure 3-8 | Figure 3-9"
"Wang et al. 2020","2020","Figure 3"
"Wei et al. 2020","2020","Figure 4"
"Werger et al. 2020","2020","Original data"
"Xi et al. 2020","2020","Figure S1"
"Allen et al. 2021","2021","Original data"
"Beck, 2021","2021","Original data"
"Coughlin et al. 2021","2021","Authors"
"Davis et al. 2021","2021","Figure 5a"
"De Long et al. 2021","2021","Figure 2b"
"Domínguez-Begines et al. 2021","2021","Figure 1"
"Dostal et al. 2021","2021","Author"
"Hassan et al. 2021","2021","Original data"
"Ke et al. 2021","2021","Figure S6"
"Lu et al. 2021","2021","Figure 1"
"Nuske et al. 2021","2021","Figure 4"
"Spitzer et al. 2021","2021","Original data"
"Tang et al. 2021","2021","Figure S3"
"Uddin et al. 2021","2021","Figure 1"
"Wang et al. 2021 PE","2021","Figure 1c"
"Wilschut et al. 2021","2021","Figure 3 | Figure S2"
"Huangfu et al. 2022","2022","Figure 2"
"Jiang et al. 2022","2022","Original data"
"Li et al. 2022","2022","Figure 1"
