"omitted_study","estimate","se","ci_low","ci_high","statistic","df","p_value","tau2"
"Ai et al. 2018||2018","-0.0009730410345997188","0.09312535487479978","-0.18554446686662573","0.1835983847974263","-0.010448722970322113","109","0.9916823770912541","0.20519193726620272"
"Bajpai et al. 2013||2013","0.011600618078370163","0.09193554697890942","-0.1706126471849694","0.1938138833417097","0.12618207493812394","109","0.899820258185907","0.19024950561848075"
"Bakker,2013||2013","-0.003227517287768328","0.09314608623609108","-0.18784003200389168","0.18138499742835504","-0.034650057970098264","109","0.9724221593033908","0.2054394471469216"
"Bayandala et al. 2016||2016","-0.03454255547319142","0.08992698648690568","-0.21277491914021046","0.1436898081938276","-0.38411779180681405","109","0.7016394562557285","0.20055433729541386"
"Beckstead and Parker 2003||2003","0.014109606090200292","0.09146831938158896","-0.16717762926494242","0.195396841445343","0.15425675453090612","109","0.877692547835927","0.1845218745082475"
"Belnap et al. 2005||2005","0.0002826723718433374","0.09305265229385819","-0.1841446593083365","0.1847100040520232","0.0030377680256836142","109","0.9975817682455518","0.20451712637743963"
"Bennett et al. 2017||2017","-0.004902987007864182","0.09312570779919103","-0.18947511232456002","0.17966913830883166","-0.05264912475550358","109","0.9581078449185637","0.20514969374671985"
"Blank and Sforza 2007||2007","-0.008838398455704326","0.09293165726369403","-0.19302592191967913","0.17534912500827046","-0.09510643322140837","109","0.9244049118500274","0.20271863749559263"
"Bodelier et al. 2006||2006","0.0033400678986628403","0.09291645439870673","-0.1808173239811563","0.18749745977848198","0.03594700120960846","109","0.971390367952404","0.20260213711806774"
"Bonanomi et al. 2005 PE||2005","0.004677132936185002","0.09280353705461782","-0.1792564604386225","0.1886107263109925","0.050398218479887916","109","0.9598972949145764","0.20122125193546586"
"Callaway et al. 2004b Nature||2004","0.0009096763970159302","0.09306104902581866","-0.1835342973329296","0.18535365012696145","0.0097750498897079","109","0.9922186313639638","0.20439940462715137"
"Callaway,2013||2013","0.0018547189863945194","0.09300064707481785","-0.18246954004035076","0.18617897801313982","0.019943076147657567","109","0.984125243114249","0.2037303074599525"
"Casper and Castelli 2007||2007","-0.04256170921848504","0.08667191289883944","-0.2143426228572569","0.1292192044202868","-0.49106691885480414","109","0.6243663895259676","0.19799447848795795"
"Chen et al. 2018||2018","0.000691206010207351","0.09307027853137519","-0.18377106029969756","0.18515347232011228","0.007426710450579951","109","0.9940879724334597","0.20451610917082072"
"Chung,2019||2019","-0.0033261675661591717","0.0958922705003097","-0.19338153021478974","0.1867291950824714","-0.034686503393914624","109","0.9723931642700725","0.2054478327118415"
"Coughlin et al. 2021||2021","0.0006722473413423131","0.09306251094618888","-0.1837746238672496","0.1851191185499342","0.007223610608691008","109","0.9942496470401785","0.20447524640683207"
"De Deyn et al. 2004a||2004","0.006607368930818874","0.09261636512906773","-0.176955255772557","0.19016999363419473","0.0713412680535564","109","0.9432568856373592","0.1988443804322164"
"Dickie et al. 2007||2007","0.0008904454007162321","0.09545709433279904","-0.1883024122316001","0.19008330303303256","0.009328226539263884","109","0.9925743116964879","0.2051758003114968"
"Domínguez-Begines et al. 2021||2021","-0.0024717205135160944","0.09313470808305163","-0.18706168410022203","0.18211824307318983","-0.026539198590840814","109","0.9788757963724732","0.20537494894086075"
"Ehlers and Thompson 2004||2004","-0.010114113696762995","0.09562130651206402","-0.19963243452980128","0.1794042071362753","-0.10577259468303701","109","0.9159571922956498","0.20520079120582785"
"Gao 2012||2012","-0.002631344201926087","0.09314780138806877","-0.18724725829350922","0.18198456988965703","-0.02824912840361612","109","0.9775151108382533","0.20545586476633476"
"Gillespie and Allen 2006||2006","-0.0014561822566838275","0.09312671322396823","-0.18603030029260145","0.18311793577923377","-0.015636568781094345","109","0.9875529169577836","0.20526048458181623"
"Gomez-Aparicio et al. 2017||2017","-0.004471697448736197","0.09312828656656644","-0.18904893379853366","0.1801055389010613","-0.048016533038433035","109","0.9617909360319117","0.20522976100607165"
"Gundale et al. 2014||2014","-0.004612106295527908","0.09312199265417616","-0.18917686831558458","0.17995265572452876","-0.04952757306918596","109","0.9605895055362016","0.20517287294226125"
"Gustafson and Casper 2004||2004","-0.0035964298139524644","0.0931433588082681","-0.18820353885680008","0.18101067922889513","-0.038611768568015375","109","0.9692705497843352","0.20540527083177515"
"Heinze,2016||2016","-0.018753841531797412","0.09469878781598516","-0.2064437603005333","0.1689360772369385","-0.1980367644012415","109","0.8433851683462112","0.20529142128940264"
"Heinze,2019||2019","-0.001408780547096221","0.09588846672785191","-0.1914566042423771","0.18863904314818464","-0.014691866448282926","109","0.98830486627075","0.20544747907439573"
"Heinze,2020||2020","0.0006810712001766447","0.09581674232966236","-0.18922459706967162","0.19058673947002494","0.0071080604873142595","109","0.994341629102014","0.20539553999970014"
"Heinze-Joshi,2018||2018","-0.004312861595681795","0.09582355748724454","-0.19423203728629537","0.1856063140949318","-0.04500836442287062","109","0.9641829951844778","0.20540176339462335"
"Hemrova,2016||2016","-0.024210868715273785","0.09334425088372622","-0.20921613932062508","0.16079440189007752","-0.2593718251103855","109","0.7958375978481081","0.20328873403230585"
"Holah and Alexander 1999||1999","-0.002507552062528056","0.09314400732991449","-0.18711594645419521","0.1821008423291391","-0.02692123878293479","109","0.9785717803563203","0.20543108433541338"
"Huangfu et al. 2022||2022","-0.0029424804976143346","0.09314833011095558","-0.18755944250077017","0.1816744815055415","-0.03158919214235336","109","0.9748574327546305","0.20545927188017132"
"Jiang et al. 2022||2022","-0.0027619787442898667","0.09622430688069193","-0.1934754267042478","0.18795146921566805","-0.028703545224954764","109","0.9771535172816279","0.2075029361379484"
"Jiang, 2010||2010","0.005574916172787999","0.09546899905653229","-0.18364153623494192","0.1947913685805179","0.05839504161436524","109","0.9535408850857469","0.20512153826932378"
"Jin et al. 2020||2020","-0.002569101487628242","0.09305916605597167","-0.1870093432325529","0.18187114025729642","-0.027607183650055725","109","0.9780259341511737","0.20492611350959924"
"Kardol et al. 2006||2006","-0.00453489629921367","0.09313230934060854","-0.18912010565638113","0.1800503130579538","-0.04869305111535892","109","0.961253024318665","0.20524512086117727"
"Ke et al. 2021||2021","-0.0029456541873904836","0.09314825166267965","-0.1875624607086138","0.18167115233383282","-0.03162329012956317","109","0.9748303025030263","0.20545876912646954"
"Kim et al. 2015||2015","-0.0026121073617274572","0.09314579637980097","-0.18722404759210712","0.1819998328686522","-0.028043212503939714","109","0.9776789660520548","0.2054436852382503"
"Kiniry et al. 2020||2020","0.00500651714620258","0.09276113381710699","-0.1788430343903989","0.18885606868280408","0.05397214264407017","109","0.9570561570110159","0.2007737825723785"
"Knevel et al. 2004||2004","-0.0078013341669229104","0.09300651845740386","-0.19213723008307348","0.17653456174922766","-0.08387943443443537","109","0.9333061487650992","0.2036207576281079"
"Kuebbing et al. 2016||2016","-0.002059997200598144","0.09310617792374704","-0.18659341493908538","0.18247342053788906","-0.022125247180538973","109","0.9823884994157851","0.20518784664813253"
"Kueffer 2010||2010","-0.005615812537318117","0.09307325212262911","-0.19008397240841607","0.17885234733377986","-0.06033755573426161","109","0.9519972814610556","0.20469791081918404"
"Kulmatiski et al. 2006||2006","0.031853488013408385","0.08867417679755119","-0.14389584757848317","0.20760282360529997","0.35921943866625267","109","0.7201258707814322","0.19975843264636212"
"Kulmatiski et al. 2011 SBB||2011","-0.004667581921404499","0.09311030587537779","-0.18920918112582308","0.17987401728301405","-0.050129594973640834","109","0.9601108620186493","0.205095176474111"
"Kulmatiski, unpubl. Data||2008","0.033651292943237474","0.08803504538381153","-0.14083130496495277","0.20813389085142775","0.3822488282538615","109","0.7030210816197981","0.19925765050196656"
"Lalibert_x0001_e et al. 2015||2015","0.005863406453188294","0.09267673835827141","-0.17781887602771967","0.18954568893409623","0.06326729400555112","109","0.9496695350895897","0.1997243854693864"
"Lance et al. 2020||2020","-0.000389014159899298","0.09586465863952577","-0.190389650998125","0.18961162267832637","-0.004057951756361904","109","0.9967696493727195","0.2054302817313826"
"Larios et al. 2015||2015","-0.0036932431070518653","0.09314184709036878","-0.18829735597416936","0.18091086976006565","-0.03965181304026083","109","0.9684432549503645","0.20538977300570815"
"Le Roux et al. 2018||2018","-0.016910258720452803","0.09197860364087133","-0.19920886088801745","0.16538834344711187","-0.1838499178186981","109","0.8544727792268786","0.19053816925753128"
"Li et al. 2011 SASB||2011","-0.006413065018712131","0.09285650404481516","-0.19045163724611996","0.1776255072086957","-0.06906425225331556","109","0.9450650168735926","0.20318938933239467"
"Li et al. 2011 SAS||2011","-0.011327533644293843","0.09273706677585167","-0.19512938508755312","0.17247431779896544","-0.12214677515812354","109","0.9030076929695097","0.2001128522337833"
"Li et al. 2022||2022","-0.00482293112333367","0.09310925878345105","-0.1893624550255947","0.17971659277892735","-0.051798620098035646","109","0.958783963717908","0.20506493076739368"
"Liang et al. 2015||2015","-0.004446213487385047","0.0931348001544819","-0.18903635955667253","0.18014393258190242","-0.04773955041520624","109","0.9620111750085097","0.2052718546207743"
"Liang et al. 2016||2016","-0.030487038988045227","0.08836083448808903","-0.20561534030942383","0.14464126233333338","-0.3450288712716363","109","0.7307375613308527","0.1460825278364316"
"Liang et al. 2020||2020","0.010956466169969531","0.09478379062301398","-0.17690192539883384","0.19881485773877292","0.1155943025484913","109","0.9081867673062469","0.20456855974650112"
"Lozano.2019||2019","-0.002763734171448875","0.09314685224515197","-0.18737776709262777","0.18185029874973002","-0.029670719995722877","109","0.9763839222635257","0.20545127412045655"
"Lu et al. 2021||2021","-0.002494093033887983","0.09314318997821913","-0.18710086746106724","0.1821126813932913","-0.026776976765249382","109","0.9786865793331536","0.20542590940807984"
"Lucero et al. 2020||2020","-0.002094997649978075","0.09314167289412785","-0.18669876526580922","0.18250876996585305","-0.02249259203621363","109","0.982096145520782","0.20540099654631833"
"Ma,2019||2019","0.003793521443421877","0.09287353544945587","-0.1802788064742884","0.18786584936113215","0.040846097061594124","109","0.9674933140552991","0.20212183687899396"
"Mangan et al. 2010||2010","-0.006112072865771208","0.09584583762470546","-0.1960754070644992","0.1838512613329568","-0.06376983098320532","109","0.9492703007578953","0.20539992126562828"
"Markham,2009||2009","-0.0017946500283821075","0.09312838122427917","-0.18637207398668887","0.18278277392992465","-0.019270710011162855","109","0.9846603808385881","0.20530176474540668"
"McGinn et al. 2018||2018","-0.006301673816611499","0.09308244363442697","-0.19078805096527435","0.17818470333205133","-0.06769991816459786","109","0.9461485444922992","0.20458046354782267"
"Meiman et al. 2006||2006","-0.002655382652977973","0.09296586351471045","-0.18691070179441308","0.18159993648845715","-0.028562985945457264","109","0.9772653641542859","0.20436541559776308"
"Mo 2014||2014","5.733860171383783e-05","0.09309280505997179","-0.18444957455552619","0.18456425175895386","0.00061592946605164","109","0.9995096852697479","0.20480834227748332"
"Morris et al. 2006||2006","-0.004968966699399698","0.09311822488087795","-0.18952626111527066","0.17958832771647126","-0.053361913908434984","109","0.957541228209813","0.20509398352943442"
"Nagendra et al. 2016||2016","-0.005501569216744602","0.09310568592666792","-0.19003401183301596","0.17903087339952675","-0.05908950846544172","109","0.9529890118452141","0.2049162233839429"
"Nijjer et al. 2007||2007","-0.00420856057498113","0.09313656174535828","-0.18880219806011578","0.18038507691015354","-0.0451869866797061","109","0.9640409475920675","0.20531119249702307"
"Niu et al 2007||2007","-0.0033803036765907963","0.0931466412153281","-0.18799391834351942","0.18123331099033785","-0.03629012954719979","109","0.9711173980940204","0.20543661089537998"
"Nuske et al. 2021||2021","-0.008019547676358952","0.09299441312351818","-0.19233145121429568","0.17629235586157777","-0.08623687603369387","109","0.9314363303513484","0.20345981818225"
"Orozco-Aceves,2017||2017","-0.0055931139617611475","0.09302480197908237","-0.1899652472234764","0.1787790192999541","-0.060124975735168125","109","0.9521661977009203","0.20441305816450592"
"Packer and Clay 2004||2004","-0.003909070624611513","0.09313939432929899","-0.1885083221990286","0.18069018094980557","-0.04197010999224236","109","0.96659930991261","0.2053580106936724"
"Peacher et al. 2020||2020","-0.002248843056341532","0.09314357955458537","-0.18685638961121345","0.18235870349853037","-0.024143833285080397","109","0.9807820246522125","0.20541994813373343"
"Peltzer 2001||2001","-0.0011326934324619952","0.09484737143822397","-0.1891171001099825","0.1868517132450585","-0.011942275418773641","109","0.9904935000020522","0.2048030441358707"
"Petermann et al. 2008||2008","0.0013660687148465956","0.09304305378135999","-0.183042239025612","0.1857743764553052","0.01468211391746334","109","0.9883126289930217","0.20415118267124896"
"Pfennigwerth et al. 2018||2018","-0.003864614585223593","0.09314151468839192","-0.18846806864242943","0.18073883947198227","-0.04149185890043544","109","0.9669796904874407","0.20537445705524104"
"Pizano et al. 2014||2014","-0.0021466390884379003","0.09314406496841104","-0.18675514771773138","0.18246186954085558","-0.02304643982593967","109","0.9816553666218119","0.2054179693153804"
"Png et al. 2018||2018","-0.004124133702026431","0.09313856507279486","-0.1887217417170117","0.18047347431295882","-0.044279549494917685","109","0.9647625899812189","0.20533227465162834"
"Porazinska,2014||2014","-0.0016425826136454603","0.09313467505153326","-0.18623248073295587","0.18294731550566493","-0.01763663869269514","109","0.9859609705691035","0.20532617398198713"
"Puerta-Pinero et al. 2006||2006","-0.002868522899114942","0.09313032162242608","-0.187449792663466","0.18171274686523614","-0.03080117032930113","109","0.9754844348076975","0.2053528439316616"
"Reinhart and Callaway 2004||2004","7.440765866332158e-05","0.09307833562845844","-0.18440382755572227","0.1845526428730489","0.0007994089941652507","109","0.9993636252041525","0.2047186043486526"
"Reinhart et al. 2003||2003","-0.003401383820130903","0.09314328726762748","-0.18800835107175462","0.1812055834314928","-0.03651775581376839","109","0.9709363158159219","0.20541568872357602"
"Reinhart et al. 2005a Ecography||2005","0.011989709195042973","0.09436253547512803","-0.1750337683657663","0.19901318675585225","0.1270600576242804","109","0.8991269652992357","0.20427648794457526"
"Reinhart et al. 2012||2012","-0.003926903492867261","0.09313671609873951","-0.18852084690138543","0.18066703991565092","-0.04216278667914518","109","0.9664460652442671","0.20534049875340046"
"Rigg et al. 2016||2016","-0.0034763447008874632","0.0931460967294019","-0.18808888021441172","0.18113619081263682","-0.037321421111037735","109","0.9702969925731275","0.20542857776682766"
"Rodríguez-Echeverría,2013,PE||2013","-0.00878597729853411","0.09293464769545322","-0.1929794277010359","0.17540747310396768","-0.09453930817412416","109","0.9248543319852244","0.20276157201988065"
"Rutten et al. 2016||2016","-0.0014992830374283188","0.093132780433493","-0.18608542608537745","0.1830868600105208","-0.016098338634901715","109","0.9871853686849122","0.20530102150371637"
"Rutten et al. 2018||2018","-0.0030403189821088367","0.09311772711243577","-0.18759662683710993","0.18151598887289228","-0.03265027053804458","109","0.9740131938557749","0.20527570191212835"
"Schittko et al. 2014||2014","-0.0032227653501670076","0.09314526936628241","-0.18783366105688623","0.18138813035655224","-0.034599345432067795","109","0.9724625049439748","0.20543475448323867"
"Schittko et al. 2016||2016","-0.0008241540372618794","0.09618462297321743","-0.19145894978273964","0.18981064170821588","-0.008568459404278838","109","0.9931791049431415","0.20702461955417023"
"Segnitz et al. 2020||2020","-0.0038026154637525148","0.09314376040770733","-0.18841052046363257","0.18080528953612754","-0.04082523023665535","109","0.9675099112594622","0.20539289746239478"
"Shannon et al. 2012||2012","-0.0020125345802727754","0.09309750303218442","-0.18652875896570592","0.18250368980516035","-0.021617492572029873","109","0.9827926033045395","0.20513327354769528"
"Singh et al. 2020||2020","0.0022597527776944655","0.09298578380385794","-0.18203504772921714","0.18655455328460607","0.024302131844811198","109","0.9806560473308188","0.2034876026878505"
"Stotz, 2018||2018","0.0012345679405972533","0.09300746443817015","-0.183103202878678","0.18557233875987253","0.013273858695696129","109","0.9894335693491468","0.2039823357387972"
"Suding et al. 2004||2004","-0.005156671842848284","0.095708970799054","-0.19484874044271164","0.18453539675701505","-0.053878667796720826","109","0.9571304591837985","0.20532645061230864"
"Suguenza et al. 2006||2006","-0.002594131979142386","0.09314580410994279","-0.18720608753041182","0.18201782357212706","-0.027850229046071193","109","0.9778325312906452","0.2054434508426285"
"Teste et al. 2017||2017","-0.0023148141440034733","0.0931449545159035","-0.18692508582750758","0.18229545753950063","-0.024851739485344252","109","0.9802186618344959","0.20543080976200628"
"Troelstra et al. 2001||2001","-0.002178051686506874","0.09314330206311419","-0.18678504826230424","0.1824289448892905","-0.023383878800335205","109","0.9813868191154459","0.20541502361132397"
"Uddin et al. 2021||2021","-0.014376476169356804","0.09238087022747458","-0.19747235763377635","0.16871940529506274","-0.1556217876488585","109","0.8766189861055911","0.19554061793630204"
"Van der Putten et al. 2007||2007","-0.008396824380461165","0.09285858451773019","-0.19243952003754985","0.17564587127662754","-0.09042593556719461","109","0.9281147065683125","0.20248423733620532"
"Van der Stoel et al. 2002||2002","0.00398135370006685","0.09276453106400889","-0.1798749310694488","0.1878376384695825","0.042918922290672255","109","0.9658446878616799","0.20137553935735375"
"Wagg et al. 2015||2015","-0.005802526058573984","0.09309969583719431","-0.19032309651224805","0.17871804439510008","-0.062325940019406736","109","0.9504174165974493","0.2048123014737336"
"Wagner et al. 2011||2011","-0.0012098490551571152","0.09312225342863864","-0.1857751279217206","0.18335542981140637","-0.012992050885927559","109","0.9896578848132093","0.20520547591289098"
"Werger et al. 2020||2020","-0.0005005720493400187","0.09577327594038137","-0.19032009134873715","0.18931894725005713","-0.005226635973605243","109","0.9958393206731313","0.20537575413012193"
"Xi et al. 2018||2018","0.0016211427630453252","0.0930285710650667","-0.18275846070455692","0.18600074623064755","0.01742628898289165","109","0.9861283948917987","0.2039791579148257"
"Xiao et al. 2014||2014","-0.004083723434896407","0.09313639225713151","-0.1886770249998757","0.1805095781300829","-0.04384669983374532","109","0.9651068254348864","0.20532354706757794"
"Xin et al. 2017||2017","-0.003101294084326246","0.09314781808109815","-0.18771724126095088","0.1815146530922984","-0.033294328822883835","109","0.9735007681480478","0.2054534058762628"
"Xue,2018,PS||2018","0.001786461002004584","0.0930177098078345","-0.18257161580686576","0.18614453781087492","0.01920560080112957","109","0.9847122017811959","0.20385622495641156"
"Yelenik,2011||2011","-0.011646553156565508","0.09544265786753954","-0.2008107981840708","0.17751769187093977","-0.12202670605348419","109","0.9031025586598799","0.2050577302813535"
"de la Pena et al. 2010||2010","-0.0040626229731076735","0.093134349609942","-0.18865187607776437","0.18052663013154904","-0.04362110209737259","109","0.9652862407820156","0.20531353634376626"
"van Nuland,2017||2017","-0.005398605187381044","0.09310880235922667","-0.1899372244716678","0.1791400140969057","-0.05798168433691668","109","0.95386937920768","0.2049564755523354"
"van der Putten et al. 2007||2007","-0.0012330907931077002","0.09306487844886226","-0.18568465431503012","0.1832184727288147","-0.013249797492458608","109","0.9894527217307951","0.20486657417285511"
